-- phpMyAdmin SQL Dump
-- version 5.1.1
-- https://www.phpmyadmin.net/
--
-- ホスト: 127.0.0.1
-- 生成日時: 2022-08-09 10:36:21
-- サーバのバージョン： 10.4.21-MariaDB
-- PHP のバージョン: 8.0.12

SET SQL_MODE = "NO_AUTO_VALUE_ON_ZERO";
START TRANSACTION;
SET time_zone = "+00:00";


/*!40101 SET @OLD_CHARACTER_SET_CLIENT=@@CHARACTER_SET_CLIENT */;
/*!40101 SET @OLD_CHARACTER_SET_RESULTS=@@CHARACTER_SET_RESULTS */;
/*!40101 SET @OLD_COLLATION_CONNECTION=@@COLLATION_CONNECTION */;
/*!40101 SET NAMES utf8mb4 */;

--
-- データベース: `mpa_l9`
--

-- --------------------------------------------------------

--
-- テーブルの構造 `clients`
--

CREATE TABLE `clients` (
  `id` int(11) NOT NULL,
  `client_name` varchar(200) DEFAULT NULL COMMENT '顧客名',
  `tell` varchar(20) DEFAULT NULL COMMENT '電話番号',
  `address` varchar(200) DEFAULT NULL COMMENT '住所',
  `note` varchar(2000) DEFAULT NULL COMMENT '備考',
  `sort_no` int(11) DEFAULT 0 COMMENT '順番',
  `delete_flg` tinyint(1) DEFAULT 0 COMMENT '無効フラグ',
  `update_user_id` int(11) DEFAULT NULL COMMENT '更新者',
  `ip_addr` varchar(40) DEFAULT NULL COMMENT 'IPアドレス',
  `created_at` datetime DEFAULT NULL COMMENT '生成日時',
  `updated_at` datetime DEFAULT current_timestamp() ON UPDATE current_timestamp() COMMENT '更新日'
) ENGINE=InnoDB DEFAULT CHARSET=utf8mb4;

--
-- テーブルのデータのダンプ `clients`
--

INSERT INTO `clients` (`id`, `client_name`, `tell`, `address`, `note`, `sort_no`, `delete_flg`, `update_user_id`, `ip_addr`, `created_at`, `updated_at`) VALUES
(1, '国頭商店4', '090-xxxx-xxx2', '沖縄県国頭郡奥9999-992', 'テストデータ\r\nいろはにほへと\r\nちりぬのを2', 7, 0, 2, '::1', '2022-07-06 09:45:20', '2022-07-13 14:10:52'),
(2, '大宜見商店', '098-xxxx-xxxx', '沖縄県国頭郡大宜味村喜如嘉9999-99', 'テストデータ\r\n大宜味村（おおぎみそん）は、沖縄県の沖縄本島北部に位置する村。国頭郡に属している。\r\n\r\n「長寿の里」とされ、「長寿日本一宣言」をしている[1]。\r\n\r\n地理\r\n沖縄本島北部、国頭半島西部に位置する。\r\n海岸付近を除き低地は少なく、東村との村界側の大部分は山地・森林になっている。\r\n村役場などの主要な施設は大兼久・大宜味集落の境界付近と喜如嘉集落付近、塩屋集落付近に分散している。\r\n大保ダム建設時の排出土を使った埋立事業が塩屋地先で進行中。非都市地域での大規模な土地造成の費用対効果、またやんばるという土地柄、自然破壊へつながる事業へ疑問を呈する声は少なくない。\r\n大保ダム建設時の排出土を有効活用した埋立事業によって結の浜が整備された。傾斜地が海岸線まで迫り、山がちで平地の少ない村においては崖崩れによる交通遮断の懸念、人口減少の歯止め策・対応、雇用確保の為の事業所誘致等の難問を如何に', 2, 0, 100, '::1', '2022-07-06 09:46:55', '2022-07-12 10:45:51'),
(3, '東共同販売所', '090-0000-xxxx', '沖縄県国頭郡東村XXXX-XXX', 'テストデータ\r\nいろはにほ', 3, 0, 100, '::1', '2022-07-07 15:25:04', '2022-07-12 10:45:53'),
(4, '名護テストドラッグストア', '098-9999-999', '沖縄県名護市為又9999-99', NULL, 4, 0, 100, '::1', '2022-07-07 15:26:03', '2022-07-12 10:45:55'),
(5, '今帰仁酒造', '0980-xxxx-1234', '今帰仁村中曽根', 'テスト用', 5, 0, 100, '::1', '2022-07-12 10:28:45', '2022-07-12 10:45:57'),
(6, 'hfghfg', NULL, NULL, NULL, 6, 1, 100, '::1', '2022-07-12 10:40:11', '2022-07-12 10:42:28');

-- --------------------------------------------------------

--
-- テーブルの構造 `failed_jobs`
--

CREATE TABLE `failed_jobs` (
  `id` bigint(20) UNSIGNED NOT NULL,
  `uuid` varchar(255) COLLATE utf8mb4_unicode_ci NOT NULL,
  `connection` text COLLATE utf8mb4_unicode_ci NOT NULL,
  `queue` text COLLATE utf8mb4_unicode_ci NOT NULL,
  `payload` longtext COLLATE utf8mb4_unicode_ci NOT NULL,
  `exception` longtext COLLATE utf8mb4_unicode_ci NOT NULL,
  `failed_at` timestamp NOT NULL DEFAULT current_timestamp()
) ENGINE=InnoDB DEFAULT CHARSET=utf8mb4 COLLATE=utf8mb4_unicode_ci;

-- --------------------------------------------------------

--
-- テーブルの構造 `migrations`
--

CREATE TABLE `migrations` (
  `id` int(10) UNSIGNED NOT NULL,
  `migration` varchar(255) COLLATE utf8mb4_unicode_ci NOT NULL,
  `batch` int(11) NOT NULL
) ENGINE=InnoDB DEFAULT CHARSET=utf8mb4 COLLATE=utf8mb4_unicode_ci;

--
-- テーブルのデータのダンプ `migrations`
--

INSERT INTO `migrations` (`id`, `migration`, `batch`) VALUES
(1, '2014_10_12_000000_create_users_table', 1),
(2, '2014_10_12_100000_create_password_resets_table', 1),
(3, '2019_08_19_000000_create_failed_jobs_table', 1),
(4, '2019_12_14_000001_create_personal_access_tokens_table', 1),
(5, '2022_07_01_233041_create_sessions_table', 1);

-- --------------------------------------------------------

--
-- テーブルの構造 `nekos`
--

CREATE TABLE `nekos` (
  `id` int(11) NOT NULL,
  `neko_val` int(11) DEFAULT NULL,
  `neko_name` varchar(255) CHARACTER SET utf8 DEFAULT NULL,
  `neko_date` date DEFAULT NULL,
  `neko_type` int(11) DEFAULT NULL COMMENT '猫種別',
  `neko_dt` datetime DEFAULT NULL,
  `neko_flg` tinyint(4) DEFAULT 0 COMMENT 'ネコフラグ',
  `img_fn` varchar(256) DEFAULT NULL COMMENT '画像ファイル名',
  `note` text CHARACTER SET utf8 DEFAULT NULL COMMENT '備考',
  `sort_no` int(11) DEFAULT 0 COMMENT '順番',
  `delete_flg` tinyint(1) DEFAULT 0 COMMENT '無効フラグ',
  `update_user_id` int(11) DEFAULT NULL COMMENT '更新者',
  `ip_addr` varchar(40) CHARACTER SET utf8 DEFAULT NULL COMMENT 'IPアドレス',
  `created_at` datetime DEFAULT NULL COMMENT '生成日時',
  `updated_at` datetime DEFAULT current_timestamp() ON UPDATE current_timestamp() COMMENT '更新日'
) ENGINE=InnoDB DEFAULT CHARSET=latin1;

--
-- テーブルのデータのダンプ `nekos`
--

INSERT INTO `nekos` (`id`, `neko_val`, `neko_name`, `neko_date`, `neko_type`, `neko_dt`, `neko_flg`, `img_fn`, `note`, `sort_no`, `delete_flg`, `update_user_id`, `ip_addr`, `created_at`, `updated_at`) VALUES
(1, 2000, 'おキャット様', '2014-04-01', 2, '2014-12-12 00:00:00', 0, 'DSC_0010.jpg', '大きな\n猫', 24, 1, 0, '126.219.137.211', NULL, '2020-07-03 15:00:53'),
(2, 2000, '三毛A', '2014-04-02', 3, '2014-12-12 00:00:01', 0, '', '', 32, 1, 0, '126.219.137.211', NULL, '2019-02-17 23:00:29'),
(4, 2000, 'シャム猫', '2014-04-04', 0, '2014-12-12 00:00:03', 0, '', '', 38, 1, 0, '126.219.137.211', NULL, '2020-07-03 16:44:41'),
(5, 2000, '近所のミーヤン', '2014-04-03', NULL, '2014-12-12 00:00:02', 0, '', '', 35, 1, 0, '126.219.137.211', NULL, '2020-09-14 18:46:12'),
(6, 3, 'ニャーちゃん', '2014-04-03', 2, '2014-12-12 00:00:02', 0, '', '', 40, 1, 0, '126.219.137.211', NULL, '2020-09-14 18:47:00'),
(7, 3, 'ステトラ', '2014-04-03', NULL, '2014-12-12 00:00:02', 0, '', '', 41, 1, 0, '126.219.137.211', NULL, '2020-09-14 18:49:03'),
(8, 3, 'ノミコ', '2014-04-03', 2, '2014-12-12 00:00:02', 0, '', '', 42, 1, 0, '126.219.137.211', NULL, '2020-09-14 18:50:02'),
(9, 111, 'ゴボウ', '1970-01-01', 2, '2014-04-28 10:04:00', 0, '', '白菜とサラダセット', 43, 1, 0, '126.219.137.211', NULL, '2019-02-17 23:00:29'),
(10, 123, 'のらくん', '1970-01-01', NULL, '2014-04-28 10:05:00', 0, '', '', 39, 1, 0, '126.219.137.211', NULL, '2020-09-14 18:47:19'),
(11, 3, 'トト', '2018-04-03', NULL, '2014-12-12 00:00:02', 0, '', '', 36, 1, 0, '126.219.137.211', '2018-03-09 09:00:20', '2020-09-14 18:50:29'),
(17, 3, '痩せ猫', '2014-04-03', NULL, '2014-12-12 00:00:02', 0, '', '', 33, 1, 0, '126.219.137.211', '2018-03-20 06:39:26', '2020-09-14 18:50:45'),
(19, 111, 'ニャーニャー', '2018-10-18', 5, '2018-03-31 14:18:59', 0, '', 'a', 34, 1, 0, '126.219.137.211', '2018-03-20 06:41:48', '2019-02-17 23:00:29'),
(20, 3, 'リリー', '2014-04-03', NULL, '2014-12-12 00:00:02', 0, '', '', 37, 1, 0, '126.219.137.211', '2018-03-20 07:45:08', '2020-09-14 18:46:28'),
(22, 111, 'ハマダイコン', '1970-01-01', 2, '2014-04-29 10:04:00', 0, '', '砂浜に生える大根', 44, 1, 0, '::1', '2018-03-30 09:46:18', '2018-03-30 09:46:18'),
(26, 1, '', NULL, NULL, NULL, 0, '26_DSC_0037.jpg', '', 14, 1, 0, '126.219.137.211', '2018-04-19 22:28:39', '2019-02-17 22:57:43'),
(29, 124, 'ビッグキャット', NULL, NULL, NULL, 0, '29_DSC_0037.jpg', '', 17, 1, 0, '126.219.137.211', '2018-04-19 22:57:16', '2019-02-17 23:00:29'),
(37, 0, '王家の猫', '0000-00-00', NULL, '0000-00-00 00:00:00', 0, '', '', 45, 1, 0, '126.219.137.211', '2018-04-19 23:28:36', '2020-09-14 18:47:34'),
(38, NULL, 'ルガルガン', NULL, NULL, NULL, 0, '', '', 46, 1, 0, '126.219.137.211', '2018-04-19 23:31:42', '2019-02-17 23:00:29'),
(39, 0, 'チョロネコ', '0000-00-00', NULL, '0000-00-00 00:00:00', 0, '', '', 47, 1, 0, '126.219.137.211', '2018-04-19 23:33:35', '2020-09-14 18:48:05'),
(40, 0, 'エネコロロ', '0000-00-00', NULL, '0000-00-00 00:00:00', 0, '', '', 48, 1, 0, '126.219.137.211', '2018-04-19 23:34:50', '2020-09-14 18:48:16'),
(41, NULL, 'AFD', NULL, NULL, NULL, 0, '', '', 49, 1, 0, '126.219.137.211', '2018-04-19 23:36:30', '2019-02-17 23:00:29'),
(42, NULL, 'ヌガー', NULL, NULL, NULL, 0, '', '', 31, 1, 0, '126.219.137.211', '2018-04-19 23:37:50', '2019-02-17 23:00:29'),
(43, 0, 'タヌキのように太った猫', '0000-00-00', 2, '0000-00-00 00:00:00', 0, '', '', 30, 1, 0, '126.219.137.211', '2018-04-19 23:38:45', '2020-09-14 18:45:47'),
(44, NULL, 'ライオン', NULL, NULL, NULL, 0, '', '', 29, 1, 0, '126.219.137.211', '2018-04-19 23:46:47', '2019-02-17 23:00:29'),
(45, 0, 'B', '0000-00-00', NULL, '0000-00-00 00:00:00', 0, '', '', 28, 1, 0, '126.219.137.211', '2018-04-19 23:46:57', '2020-09-14 18:45:29'),
(46, NULL, 'A', NULL, NULL, NULL, 0, 'DSC_0010.jpg', '', 27, 1, 0, '126.219.137.211', '2018-04-20 07:28:28', '2019-02-17 23:00:29'),
(47, NULL, 'ビッグマスター', '2018-04-17', NULL, NULL, 0, 'DSC_0037 (1).jpg', '', 26, 1, 0, '126.219.137.211', '2018-04-20 07:28:43', '2019-02-17 23:00:29'),
(49, 0, 'チョコ', '0000-00-00', NULL, '0000-00-00 00:00:00', 0, '', '', 50, 1, 0, '126.219.137.211', '2018-04-20 07:31:06', '2020-09-14 18:53:25'),
(50, NULL, 'TEST\\\'', NULL, NULL, NULL, 0, 'DSC_0037.jpg', 'TEST\\nTEST2', 25, 1, 0, '126.219.137.211', '2018-04-20 10:45:34', '2019-02-17 23:00:29'),
(51, 0, 'ビッグマン', '0000-00-00', NULL, '0000-00-00 00:00:00', 0, '', '', 37, 1, 0, '126.219.137.211', '2018-04-20 10:46:21', '2020-09-14 18:54:28'),
(55, 124, 'アカマムシ', NULL, 1, NULL, 0, '', '', 23, 1, 0, '126.219.137.211', '2018-04-24 07:06:22', '2019-02-17 23:00:29'),
(56, 1, '\'\' = \'\'', '2014-04-01', 2, '2014-12-12 00:00:00', 0, '', '大きな\n猫', 22, 1, 0, '126.219.137.211', '2018-04-24 13:56:44', '2019-02-17 23:00:29'),
(57, 1, '\'\' = \'\'', '2014-04-01', 2, '2014-12-12 00:00:00', 0, '', '大きな\n猫', 21, 1, 0, '126.219.137.211', '2018-04-24 13:58:23', '2019-02-17 23:00:29'),
(60, NULL, 'A2', NULL, 1, NULL, 0, 'DSC_0010.jpg', '', 19, 1, 0, '126.219.137.211', '2018-04-24 14:01:49', '2019-02-17 23:00:29'),
(63, 300, 'ザ・ビッグ2', NULL, 1, NULL, 0, 'DSC_0037 (1).jpg', '', 18, 1, 0, '126.219.137.211', '2018-04-26 06:46:01', '2019-02-17 23:00:29'),
(64, 123, '<input />', NULL, 1, NULL, 0, '53_hyomon.jpg', '', 12, 1, 0, '126.219.137.211', '2018-08-22 16:49:38', '2019-02-17 22:57:55'),
(65, 1, '対馬山猫', '2018-09-30', 1, '0000-00-00 00:00:00', 1, '58_2017-11-24_123306_DSC_0066.jpg', '', 10, 1, 0, '126.219.137.211', '2018-08-22 17:11:38', '2020-09-14 18:52:45'),
(66, 1, 'アイルー', '0000-00-00', 21, '0000-00-00 00:00:00', 0, '66_DSC_0054 (1).jpg', '傭兵', 49, 0, 0, '126.219.137.211', '2018-08-27 16:31:59', '2020-09-14 19:11:51'),
(67, 22, 'ベンガルトラ', '0000-00-00', NULL, '0000-00-00 00:00:00', 0, '67_DSC_0037 (1).jpg', '', 13, 1, 0, '126.219.137.211', '2018-08-27 19:33:05', '2020-09-14 18:51:15'),
(69, 0, 'TEST', '2018-10-16', 1, NULL, 0, '1498312069338.jpg', '<input />\"neko\",\'inu\'\n\n全長オス14センチメートル、メス18センチメートル[4]。頭胴長オス4.6-7.5センチメートル、メス5.2-8センチメートル[4]。背面の体色は黒や黒褐色、暗褐色[3][4]。背面に地衣類状の明色斑や、正中線に沿って橙色の筋模様が入る個体もいるなど変異が大きい[4]。 腹面の色彩は赤色や黄色で、不規則に黒い斑紋が入る個体もいる[3]。指趾下面の体色は明色[3][6]。\n\n繁殖期になるとオスの尾は幅広くなる[4]。\n\nシリケンイモリは歩くのが遅いのですぐ捕まる。捕食されないのがなぞであるが、おそらく皮膚のテトロドトキシンが関係しているのかな。\n\nうーん。わからん。', 9, 1, 0, '126.219.137.211', '2018-10-02 22:01:00', '2019-02-17 23:00:29'),
(75, 99, 'ガーラ', '2018-10-18', 2, NULL, 1, 'hyomon.jpg', 'TEST2', 8, 1, 0, '126.219.137.211', '2018-10-10 13:51:08', '2019-02-17 23:00:29'),
(76, 1, '猫吉', '2018-09-30', 1, '0000-00-00 00:00:00', 1, 'DSC_0748.jpg', 'TEST', 11, 1, 0, '126.219.137.211', '2018-10-18 07:55:26', '2020-09-14 18:52:11'),
(77, 104, 'ロイヤルアナロスタン', '2020-09-14', 21, '0000-00-00 00:00:00', 0, 'rsc/img/img_fn/y2020/m09/orig/20200914115208_uramachino1.jpg', 'シートン動物記「裏まちのすてネコ」に登場する野良猫。\n心が荒れすさんだ人間たちの中、たくましく生きる猫。人間に捕まって品評会に出場させられたことがある。\nロイヤルアナロスタンという名前は品評会に出された時の呼び名。', 5, 0, 0, '::1', '2018-10-18 15:58:19', '2022-01-21 13:57:56'),
(80, 999, 'ネコバス', '2018-12-02', 8, '0000-00-00 00:00:00', 1, 'rsc/img/img_fn/y2019/m02/orig/20190217225931_DSC_0679.jpg', '体内に人間などをいれて運ぶ大型猫', 46, 0, 0, '126.219.137.211', '2018-10-19 21:01:01', '2020-09-14 16:56:50'),
(82, 1, 'アントニオ', '0000-00-00', 22, '0000-00-00 00:00:00', 0, '66_DSC_0054 (1).jpg', '侠客。すでに亡き猫。死後、剥製として丁重に扱われている。', 38, 0, 0, '::1', '2018-10-21 22:55:12', '2022-01-21 13:57:56'),
(83, 999, 'ジジ', '2018-12-14', 2, '0000-00-00 00:00:00', 1, 'rsc/img/img_fn/y2019/m02/orig/20190217225845_DSC_0037.jpg', '飛行型宅配業者のネコ', 45, 0, 0, '126.219.137.211', '2018-10-21 23:01:10', '2020-09-14 18:09:48'),
(88, 999, 'ノンタン', '2018-12-31', 17, '0000-00-00 00:00:00', 1, 'rsc/img/img_fn/y2019/m02/orig/20190217225951_DSC_0700.jpg', '幼稚園児に知られている。', 47, 0, 0, '126.219.137.211', '2018-10-22 07:30:22', '2020-09-15 11:34:01'),
(89, 123, 'テスト23', '2018-12-02', NULL, '0000-00-00 00:00:00', 1, 'storage/neko/y2021/89/91560f6eddd7cc26/orig/001.jpg', 'TEST<input class=', 1, 1, 0, '::1', '2018-10-22 07:30:44', '2022-01-06 04:00:54'),
(90, 123, 'レオ', '2018-12-07', 20, '0000-00-00 00:00:00', 1, 'rsc/img/img_fn/y2019/m02/orig/20190217225552_53_hyomon.jpg', '大帝', 50, 0, 0, '126.219.137.211', '2018-12-01 07:21:06', '2020-09-14 18:42:19'),
(91, 123, '犬のような猫', '0000-00-00', NULL, '0000-00-00 00:00:00', 0, '', '', 51, 1, 0, '126.219.137.211', '2020-06-13 22:14:56', '2020-09-14 18:48:46'),
(92, 123, 'シルベスター', '0000-00-00', 14, '0000-00-00 00:00:00', 0, 'rsc/img/img_fn/y2020/m06/orig/20200616161522_tamamusi.jpg', '見るからに悪党ヅラした白黒ぶち猫。銃、爆薬などを扱う。', 43, 0, 0, '126.219.137.211', '2020-06-13 22:16:53', '2020-09-14 18:39:06'),
(93, 456, 'いのしし２', NULL, NULL, NULL, 0, '', '', 7, 1, NULL, '::1', '2020-06-13 22:16:53', '2020-06-17 13:38:27'),
(94, 123, 'たぬき', NULL, NULL, NULL, 0, '', '', 8, 1, NULL, '::1', '2020-06-13 22:19:20', '2020-06-17 13:38:51'),
(96, 103, 'ルドルフ', '2020-09-14', 13, '0000-00-00 00:00:00', 0, 'rsc/img/img_fn/y2020/m09/orig/20200914111936_2020-09-14_111936.jpg', '「ルドルフとイッパイアッテナ」の主人公猫。\n若輩だがイッパイアッテナから文字や処世術を学び日々成長していく。', 1, 0, 0, '::1', '2020-06-17 13:38:38', '2022-01-21 13:57:56'),
(97, NULL, '', NULL, 1, NULL, 0, '', '', -1, 1, NULL, '::1', '2020-06-17 13:38:40', '2020-06-17 13:38:51'),
(98, 123, 'ダヤン', '2020-02-02', 5, '2012-12-12 12:12:12', 0, '', '最近、書店でよく見かける。', 48, 0, 0, '126.219.137.211', '2020-06-17 13:39:01', '2020-09-14 18:41:41'),
(99, 1234, 'カリン様', '0000-00-00', 17, '0000-00-00 00:00:00', 0, '', '豆や水をくれる。', 47, 0, 0, '::1', NULL, '2022-01-21 13:57:56'),
(100, 1001, 'ソックス', '0000-00-00', 14, '0000-00-00 00:00:00', 0, '', '足だけが白い超巨体の黒猫。北谷町に住む。', 31, 0, 0, '::1', '0000-00-00 00:00:00', '2022-01-21 13:57:56'),
(101, 1002, 'サバ', '0000-00-00', 15, '0000-00-00 00:00:00', 0, '', 'グーグーの前に飼われいた亡き猫', 50, 0, 0, '::1', NULL, '2022-01-21 13:57:56'),
(102, 1001, 'CatDog', '0000-00-00', 19, '0000-00-00 00:00:00', 0, 'rsc/img/img_fn/y2020/m09/orig/20200914153209_CatDog.jpeg', '半猫半犬のMAD生物。猫側の方は積極的、犬側はややひかえめ。アメリカのアニメ。主題歌が良い。', 17, 0, 0, '::1', NULL, '2022-01-21 13:57:56'),
(103, 1002, 'ジョバンニ', '0000-00-00', 14, '0000-00-00 00:00:00', 0, 'rsc/img/img_fn/y2020/m09/orig/20200914133954_9ae6e0d5.png', '「銀河鉄道の夜」の主人公猫。孤独な少年。友人のカンパネルラと共に銀河鉄道の乗車し、様々な星を訪れる。', 9, 0, 0, '::1', NULL, '2022-01-21 13:57:56'),
(104, 1003, 'フィリックス', '0000-00-00', 14, '0000-00-00 00:00:00', 0, '', '10円ガムで有名な猫。よく裁判になった。', 43, 0, 0, '126.219.137.211', NULL, '2020-09-14 18:39:20'),
(108, 0, '青狸', '0000-00-00', 21, '0000-00-00 00:00:00', 0, '', '青狸と呼ばれると怒る。', 41, 0, 0, '126.219.137.211', NULL, '2020-09-15 11:43:22'),
(109, 0, '長靴をはいた猫', '0000-00-00', 10, '0000-00-00 00:00:00', 0, '', '軍師猫。策略に長けており権力者に取り入ったり、怪物を計略に陥れたりする。ついには主人を領主にすることに成功する。', 39, 0, 0, '::1', NULL, '2022-01-21 13:57:56'),
(110, 0, 'トム', '0000-00-00', 21, '0000-00-00 00:00:00', 0, '', '包丁、斧、銃、爆弾、毒薬など各種危険物を扱う。よく薄っぺらになる。', 49, 0, 0, '126.219.137.211', NULL, '2020-09-15 11:34:01'),
(111, 0, 'ミー', '0000-00-00', 0, '0000-00-00 00:00:00', 0, '', '多くの猫はこの名を持つ。', 42, 0, 0, '126.219.137.211', NULL, '2020-09-15 11:34:26'),
(112, 0, 'リス猫', '0000-00-00', 0, '0000-00-00 00:00:00', 0, '', '今帰仁村で遭遇した猫。小さい体なのに、リスのような大きなしっぽを持った美しい猫。', 34, 0, 0, '::1', NULL, '2022-01-21 13:57:56'),
(113, 0, 'ニャロメ', '0000-00-00', 21, '0000-00-00 00:00:00', 0, '', '赤塚作品に登場する猫。', 46, 0, 0, '126.219.137.211', NULL, '2020-09-14 18:41:23'),
(114, 0, 'チャトラン', '0000-00-00', 19, '0000-00-00 00:00:00', 0, '', '映画、子猫物語に出てくる茶トラ。', 45, 0, 0, '126.219.137.211', NULL, '2020-09-15 11:34:01'),
(115, 123, 'ニャース', '2020-02-02', 1, '2012-12-12 12:12:12', 0, '', '20年以上も黄色いネズミを追い求め続けている猫。', 25, 0, 0, '::1', NULL, '2022-01-21 13:57:56'),
(116, 0, 'スナネコ', '0000-00-00', 20, '0000-00-00 00:00:00', 0, '', '独特な表情で有名な野生のネコ', 21, 0, 0, '::1', NULL, '2022-01-21 13:57:56'),
(117, 0, 'ミケ', '0000-00-00', 3, '0000-00-00 00:00:00', 0, 'rsc/img/img_fn/y2020/m09/orig/20200914141107_ur170801_nekoko07.jpg', 'FX狂いで借金まみれの猫。強制労働所で2兆年働くことになっている。お金にだらしがない猫だがいい猫である。勢い任せにFXに投資し続けるため「通貨」たちから心配されたり好かれたりしている。', 13, 0, 0, '::1', NULL, '2022-01-21 13:57:56'),
(118, 950, '『吾輩』', '2020-09-15', 12, '0000-00-00 00:00:00', 0, 'rsc/img/img_fn/y2020/m09/orig/20200914113438_20100919_666548.jpg', '「吾輩は猫である」主人公猫。名前はまだない。観察力と語彙力がすごい。人間の言葉は話さないものの一般の人間以上の知性を備える。自分は人間の言葉を理解できるが、猫の言葉を人間は理解しないみたいな事を言っている。知性があるとはいえ猫であることをわきまえており、\"猫\"を踏み越えた行動をあまりしない。', 4, 0, 0, '::1', NULL, '2022-01-21 13:57:56'),
(119, 0, 'フィガロ', '0000-00-00', 14, '0000-00-00 00:00:00', 0, '', '白黒のぶち猫。嘘つき人造人間に厳しい態度をとる。', 41, 0, 0, '126.219.137.211', NULL, '2020-09-14 18:38:47'),
(120, 0, 'ネコマムシ', '0000-00-00', NULL, '0000-00-00 00:00:00', 0, '', '侠客', 47, 0, 0, '126.219.137.211', NULL, '2020-09-14 17:28:35'),
(121, 0, 'サーバル', '0000-00-00', 20, '0000-00-00 00:00:00', 0, '', '友達', 50, 0, 0, '126.219.137.211', NULL, '2020-09-14 18:42:24'),
(122, 0, 'スフィンクス', '0000-00-00', 6, '0000-00-00 00:00:00', 0, '', '毛のない猫。ただし産毛は生えているようだ。エジプト産ではなくイギリス産。', 32, 0, 0, '::1', NULL, '2022-01-21 13:57:56'),
(123, 0, '白君', '0000-00-00', 0, '0000-00-00 00:00:00', 0, '', '', 41, 0, 0, '::1', NULL, '2022-01-21 13:57:56'),
(124, 0, 'シンバ', '0000-00-00', 20, '0000-00-00 00:00:00', 0, '', '王', 49, 0, 0, '126.219.137.211', NULL, '2020-09-14 18:42:13'),
(125, 0, 'ダッチェス', '0000-00-00', 17, '0000-00-00 00:00:00', 0, '', 'アメリカのおしゃれ猫。', 47, 0, 0, '126.219.137.211', NULL, '2020-09-14 18:41:33'),
(126, 0, 'トニー', '0000-00-00', NULL, '0000-00-00 00:00:00', 0, '', '健康食品を宣伝していたトラ。同僚にゾウやサルがいる。', 44, 0, 0, '126.219.137.211', NULL, '2020-09-14 16:48:56'),
(127, 0, '猫又', '0000-00-00', 0, '0000-00-00 00:00:00', 0, '', '20年生きた老猫が化けるという。\n人を食らう化け猫になる場合もあれば、恩返しをする化け猫もいる。', 42, 0, 0, '::1', NULL, '2022-01-21 13:57:56'),
(128, 0, '猫田さん', '0000-00-00', 17, '0000-00-00 00:00:00', 0, '', '論客', 43, 0, 0, '126.219.137.211', NULL, '2020-09-15 11:34:01'),
(129, 123, 'デスマスク', '2020-02-02', 1, '2012-12-12 12:12:12', 0, '', 'シャム猫が珍しい時代にいた近所のネコ。その風貌から子供らからデスマスクというあだ名をつけられた。警戒心がすさまじく、とにかくよく逃げる。', 26, 0, 0, '::1', NULL, '2022-01-21 13:57:56'),
(130, 123, 'イリオモテヤマネコ', '2020-02-02', 20, '2012-12-12 12:12:12', 0, '', '天然記念物。ヤママヤーとして知られていた。', 44, 0, 0, '::1', NULL, '2022-01-21 13:57:56'),
(131, 123, '猫疥癬', '2020-02-02', 10, '2012-12-12 12:12:12', 0, '', '猫の病気。野良猫がよく感染する。', 29, 0, 0, '::1', NULL, '2022-01-21 13:57:56'),
(132, 0, '100万回生きたオスネコ', '0000-00-00', 10, '0000-00-00 00:00:00', 0, 'rsc/img/img_fn/y2020/m09/orig/20200914142431_500_Ehon_94.jpg', '「100万回生きた猫」の主人公猫。何度でも生き返るオスネコ。何十万回と死んでいるためか、尊大な性格をしている。', 15, 0, 0, '::1', NULL, '2022-01-21 13:57:56'),
(133, 0, '', '0000-00-00', 0, '0000-00-00 00:00:00', 0, '', '', 2, 1, 0, '::1', NULL, '2020-08-16 00:24:24'),
(134, 123, 'ルナ', '2020-02-02', 17, '2012-12-12 12:12:12', 0, '', '学徒戦闘員の猫。', 45, 0, 0, '126.219.137.211', NULL, '2020-09-14 18:09:21'),
(135, 123, 'ガーフィールド', '2020-02-02', 1, '2012-12-12 12:12:12', 0, '', '文房具のオレンジ猫。クール。', 42, 0, 0, '126.219.137.211', NULL, '2020-09-14 17:22:05'),
(136, 123, 'ガチマヤー', '2020-02-02', 10, '2012-12-12 12:12:12', 0, '', 'よくエサを催促する猫。沖縄方言のスラングであり、食い意地をはる人間もこのように呼ばれる。', 45, 0, 0, '::1', NULL, '2022-01-21 13:57:56'),
(137, 0, 'タマ', '0000-00-00', 17, '0000-00-00 00:00:00', 0, '', '某家族アニメのネコ。昔は魚を盗む猫だったが、いまは普通の猫になっている。', 35, 0, 0, '::1', NULL, '2022-01-21 13:57:56'),
(138, 0, 'クロ', '0000-00-00', 13, '0000-00-00 00:00:00', 0, '', 'この名前のネコはたくさんいる。', 46, 0, 0, '126.219.137.211', NULL, '2020-09-15 11:34:01'),
(139, 0, 'エネコ', '0000-00-00', 0, '0000-00-00 00:00:00', 0, '', '種族値がかなり低い', 46, 0, 0, '::1', NULL, '2022-01-21 13:57:56'),
(140, 123, 'うなぎネコ', '0000-00-00', 14, '0000-00-00 00:00:00', 0, '', '猫工船に1コマだけ登場する。\nときおり、「うなぎ猫」と称される猫の写真がインターネット上に現れる。', 30, 0, 0, '::1', NULL, '2022-01-21 13:57:56'),
(141, 123, '井上トロ', '0000-00-00', 17, '0000-00-00 00:00:00', 0, '', '人間になることを目標とする猫', 48, 0, 0, '126.219.137.211', NULL, '2020-09-14 18:41:48'),
(142, 123, 'ネコートさん', '0000-00-00', 12, '0000-00-00 00:00:00', 0, '', 'ハンターの案内をする。', 42, 0, 0, '126.219.137.211', NULL, '2020-09-14 18:11:45'),
(143, 123, 'ゴメス', '0000-00-00', 0, '0000-00-00 00:00:00', 0, '', '', 50, 0, 0, '126.219.137.211', NULL, '2020-09-15 11:34:26'),
(144, 123, 'よだれ', '0000-00-00', 22, '0000-00-00 00:00:00', 0, '', '瀬底島の公園を根城にしている野良の雌猫。いつもよだれをたらし悲壮感を漂わせる。とても人懐こい。\n', 36, 0, 0, '::1', NULL, '2022-01-21 13:57:56'),
(145, 123, 'ニャビー', '0000-00-00', 5, '0000-00-00 00:00:00', 0, '', 'ムーランドと暮らしていた猫', 23, 0, 0, '::1', NULL, '2022-01-21 13:57:56'),
(146, 0, '三毛子', '0000-00-00', 3, '0000-00-00 00:00:00', 0, '', '「吾輩は猫である」に登場する美人猫。主人公猫のことを先生と呼ぶ。', 19, 0, 0, '::1', NULL, '2022-01-21 13:57:56'),
(147, 123, 'テグー', '2020-02-02', 17, '2012-12-12 12:12:12', 0, 'rsc/img/img_fn/y2020/m09/orig/20200914135401_2020-09-14_015401.jpg', '瀬川ゆうき先生の漫画「森のテグー」の主人公猫。シニカルな純粋少年。友人にニヒルな人間の女の子、引きこもりがちな親を持つ精霊の子、薬物依存者（笹）の兄がいるパンダなどがいる。', 11, 0, 0, '::1', NULL, '2022-01-21 13:57:56'),
(148, 123, 'セロ弾きのゴーシュに出てくる猫', '2020-02-02', 22, '2012-12-12 12:12:12', 0, 'rsc/img/img_fn/y2020/m09/orig/20200914120854_551205.jpg', '人語をしゃべる猫。物腰が柔らかそうに見えて何かをたくらんでいそうな胡散臭い猫。ゴーシュの畑からとってきた青いトマトを、ゴーシュへの手土産にする。', 7, 0, 0, '::1', NULL, '2022-01-21 13:57:56'),
(149, 123, '', '2020-02-02', 1, '2012-12-12 12:12:12', 0, '', '', 1, 1, 0, '::1', NULL, '2020-08-16 00:24:14'),
(150, 123, 'ロード・ゴート', '2020-09-14', 13, '0000-00-00 00:00:00', 0, 'rsc/img/img_fn/y2020/m09/orig/20200914120138_2020-09-14_120138.jpg', '「猫の帰還」の主人公猫。第２次大戦の最中、軍人の主人を追って旅をする。', 6, 0, 0, '::1', NULL, '2022-01-21 13:57:56'),
(151, 123, 'うなぎ', '0000-00-00', 0, '0000-00-00 00:00:00', 0, '', '', 2, 1, 0, '::1', NULL, '2020-08-16 00:24:24'),
(152, 123, 'かま猫', '0000-00-00', 16, '0000-00-00 00:00:00', 0, 'rsc/img/img_fn/y2020/m09/orig/20200914133358_IMG_20170918_115629-452x339.jpg', '「猫の事務所」の主人公猫。持病のため、かまの中で寝ているため灰をかぶったような色をしている。勤勉な猫。かまで寝るのは持病で体が冷えるため。', 8, 0, 0, '::1', NULL, '2022-01-21 13:57:56'),
(156, 123, 'カンパネルラ', '0000-00-00', 10, '0000-00-00 00:00:00', 0, 'rsc/img/img_fn/y2020/m09/orig/20200914134100_2020-09-14_014100.png', '「銀河鉄道の夜」に登場する猫。博士の息子であり優等生。ジョバンニと共に銀河鉄道で星々を巡る。', 10, 0, 0, '::1', NULL, '2022-01-21 13:57:56'),
(157, 123, '猫村猫', '0000-00-00', 14, '0000-00-00 00:00:00', 0, 'rsc/img/img_fn/y2020/m09/orig/20200914140143_2020-09-14_020143.jpg', '「今日の猫村さん」の主人公猫。家政婦事務所に所属する家政婦猫。\nいろいろ問題が多い家庭に派遣されている。\n鼻歌を歌いながら家事をする。野菜を細かく刻んでいれたオムライスである「ネコムライス」が得意料理。\n現在は雑誌編集のお手伝いをしている模様。（カーサの猫村さん）', 12, 0, 0, '::1', '2020-06-17 13:39:01', '2022-01-21 13:57:56'),
(158, 123, 'グーグー', '0000-00-00', 18, '0000-00-00 00:00:00', 0, 'rsc/img/img_fn/y2020/m09/orig/20200914142524_COCP-35115.jpg', '「グーグーだって猫である」に登場する猫。日記漫画の実在猫。グーグーと鳴く。\n', 14, 0, 0, '::1', '2020-06-17 13:39:01', '2022-01-21 13:57:56'),
(162, 123, '車屋の黒', '0000-00-00', 13, '0000-00-00 00:00:00', 0, '', '「吾輩は猫である」に登場する猫。脂ぎった大きな猫。よく自慢話をする。', 18, 0, 0, '::1', NULL, '2022-01-21 13:57:56'),
(164, 0, 'ツブ', '0000-00-00', 14, '0000-00-00 00:00:00', 0, 'rsc/img/img_fn/y2020/m09/orig/20200914152146_4524450000039.gif', '吉田戦車先生の漫画「おかゆネコ」に登場する猫。\nおかゆを中心に健康に気を使った料理を主人のために作る。\n知識は豊富でありかなり博識。（まわりの人間が変人ばかりというのはあるが...）', 16, 0, 0, '::1', NULL, '2022-01-21 13:57:56'),
(165, 0, '赤猫', '0000-00-00', 19, '0000-00-00 00:00:00', 0, '', '開発者の飼猫を追い回していた茶トラの野良猫。ゴミあさりが得意でボス格であったが2，3年程度で姿を消した。', 20, 0, 0, '::1', NULL, '2022-01-21 13:57:56'),
(166, 0, 'リビアヤマネコ', '0000-00-00', 20, '0000-00-00 00:00:00', 0, '', '家猫の先祖と言われている。キジトラにそっくり。', 22, 0, 0, '::1', NULL, '2022-01-21 13:57:56'),
(167, 0, 'ジバニャン', '0000-00-00', 21, '0000-00-00 00:00:00', 0, '', '一時期はポケモンに肩を並べるほどの人気があった。', 24, 0, 0, '::1', NULL, '2022-01-21 13:57:56'),
(168, 0, 'ガラルニャース', '0000-00-00', 1, '0000-00-00 00:00:00', 0, '', '鋼タイプに属するようになった。', 27, 0, 0, '::1', NULL, '2022-01-21 13:57:56'),
(169, 0, 'エサちょーだい猫', '0000-00-00', 1, '0000-00-00 00:00:00', 0, '', 'あまりのもしつこさにノイローゼ気味になる。', 33, 0, 0, '::1', NULL, '2022-01-21 13:57:56'),
(170, 0, 'カギしっぽ', '0000-00-00', 0, '0000-00-00 00:00:00', 0, '', '短い曲がったしっぽを持つ猫', 48, 0, 0, '::1', NULL, '2022-01-21 13:57:56'),
(171, 0, 'ネズミ捕り', '0000-00-00', 14, '0000-00-00 00:00:00', 0, '', 'スピード違反のネズミを捕まえる', 44, 0, 0, '126.219.137.211', NULL, '2020-09-15 11:34:01'),
(172, 1234, 'ネズミキラー', '0000-00-00', 5, '0000-00-00 00:00:00', 0, '', 'ねずみ退治に重宝される猫。\n沖縄ではボケてくるとビーチャー（臭い小型ネズミ）しか捕らなくなるといわれる。', 48, 0, 0, '126.219.137.211', NULL, '2020-09-15 11:34:01'),
(173, 123, '小鉄', '2020-02-02', 14, '2012-12-12 12:12:12', 0, '', '「じゃりン子チエ」に登場する猫。侠客。', 37, 0, 0, '::1', '2020-06-17 13:39:01', '2022-01-21 13:57:56'),
(174, 0, ' 火車', '0000-00-00', 17, '0000-00-00 00:00:00', 0, '', 'リヤカーを引く猫。極悪人を地獄へ輸送する業務がある。', 43, 0, 0, '::1', NULL, '2022-01-21 13:57:56'),
(175, 0, 'ハローキティ', '0000-00-00', 17, '0000-00-00 00:00:00', 0, '', '最近は仕事を選ばないため好印象。', 49, 0, 0, '::1', NULL, '2022-01-21 13:57:56'),
(176, 0, 'ティガー', '0000-00-00', 8, '0000-00-00 00:00:00', 0, '', '黄色い熊の友人', 44, 0, 0, '126.219.137.211', NULL, '2020-09-14 17:26:00'),
(177, 0, '青猫', '0000-00-00', 1, '0000-00-00 00:00:00', 0, 'rsc/img/img_fn/y2020/m08/orig/20200806152201_IMG_0462.JPG', '', -1, 1, 0, '::1', NULL, '2020-08-16 00:27:12'),
(179, 0, 'イッパイアッテナ', '2020-08-13', 5, '0000-00-00 00:00:00', 0, 'rsc/img/img_fn/y2020/m09/orig/20200914110720_2020-09-14_110720.jpg', '「ルドルフとイッパイアッテナ」に登場する大猫。\n犬にも喧嘩に勝つ偉丈夫猫。強さだけでなく字を書いたり本を読んだりできる知性にも優れる。\n', 2, 0, 0, '::1', '0000-00-00 00:00:00', '2022-01-21 13:55:01'),
(180, 0, 'バロン', '0000-00-00', 19, '0000-00-00 00:00:00', 0, '', '猫の事務所の所長', 28, 0, 0, '::1', NULL, '2022-01-21 13:57:56'),
(181, 0, 'おおやまねこ', '0000-00-00', 3, '0000-00-00 00:00:00', 0, '', '', -3, 1, 0, '::1', NULL, '2020-08-16 00:27:12'),
(182, 0, 'デカミー', '0000-00-00', 10, '0000-00-00 00:00:00', 0, 'rsc/img/img_fn/y2020/m08/orig/20200804141915_ga-ra.jpg', '全身猫疥癬にかかった猫。小さな女の子に「おいで、おいで」と言われてすり寄っていくが、その女の子に避けられてしまった。', 40, 0, 0, '::1', '2020-08-03 12:28:56', '2022-01-21 13:57:56'),
(183, 100, 'ブッチー', '2020-09-14', 14, '0000-00-00 00:00:00', 1, 'rsc/img/img_fn/y2020/m09/orig/20200914113054_2020-09-14_113054.jpg', '「ルドルフとイッパイアッテナ」に登場する猫。\nイッパイアッテナやルドルフらと行動をよく共にしている飼い猫。\n「ルドルフとノラねこブッチー」という続編が存在する。野良猫になったのかブッチー...。', 3, 0, 0, '::1', '2020-08-13 16:28:45', '2022-01-21 13:57:56'),
(184, 101, 'ピクルス', '0000-00-00', 24, '0000-00-00 00:00:00', 0, '', 'アニメ「ケチャップ」の好青年猫。料理人兼ウェイター。', 52, 0, 0, '126.219.137.211', '2020-08-25 10:42:55', '2020-09-14 18:42:43'),
(185, 102, 'シェフ・グーラシュ', '0000-00-00', 23, '0000-00-00 00:00:00', 0, '', '猫はグルメのNo.1', 53, 0, 0, '126.219.137.211', '2020-08-25 10:42:55', '2020-09-14 18:42:53'),
(186, 101, 'スカンピ', '0000-00-00', 21, '0000-00-00 00:00:00', 0, '', 'アニメ「ケチャップ」に登場する猫。妬みと嫉妬の猫。', 54, 0, 0, '126.219.137.211', '2020-08-25 10:43:57', '2020-09-14 18:43:05'),
(187, 102, 'マダム・コルジェット', '0000-00-00', 7, '0000-00-00 00:00:00', 0, '', 'アニメ「ケチャップ」に登場する猫。カフェのオーナー。', 55, 0, 0, '126.219.137.211', '2020-08-25 10:43:57', '2020-09-14 18:43:18'),
(188, 101, 'チシャ猫', '0000-00-00', NULL, '0000-00-00 00:00:00', 0, '', '名前とイメージがひもづかない、非常に不細工な猫。', 56, 0, 0, '126.219.137.211', '2020-08-25 10:44:35', '2021-02-19 15:35:31'),
(189, 102, '黒猫のタンゴ', '0000-00-00', 13, '0000-00-00 00:00:00', 0, '', '少年の心を翻弄する浮気性の猫', 57, 0, 0, '126.219.137.211', '2020-08-25 10:44:35', '2020-09-15 11:51:22'),
(190, 101, 'ニャンコ先生', '0000-00-00', 3, '0000-00-00 00:00:00', 0, '', '田舎に住む若者の先生と、フレンドノートを持ち歩く学生の先生がいる。', 58, 0, 0, '126.219.137.211', '2020-08-25 10:44:57', '2021-02-19 15:34:37'),
(191, 102, '八頭身アスキーアート', '0000-00-00', 17, '0000-00-00 00:00:00', 0, '', '　　　　　　　　　　 　 / ） ／￣￣￣￣￣￣￣\n　　 　 　 　 　 　 　 / /　|　全身から湧き上がるこの喜び！\n　　　　　　　　　　 / /　　＼　　　　　　　　　 ／￣￣￣\n　　　　　　　　 　 / /　　　　￣|／￣￣￣￣|　　１さんにとどけ！\n　　　 　 　 　 　 / /＿Λ　　　　 , -つ　　 　 ＼\n　　　　　　　 　/ / ´Д｀）　 .／__ノ　　　　　　　￣∨￣￣￣￣\n　　　　　　　　/　　　　＼　／ /　　 ⊂_ヽ､\n.　　　　　　　 |　　　　へ／ ／ 　 　 　 　 ＼＼　Λ＿Λ\n　　　　　　　 |　　　　ﾚ’　 /､二つ　　　　 　 ＼ （　´Д｀）\n　　　　　　　 |　　　　　／.　　　　　 　 　 　 　 >　　⌒ヽ\n　　　　　　　/　　　／　　　　　　　　　　　　 /　　　 へ ＼\n　　　　　　 /　 ／　　　　　　　　　　　　 　 /　 　 /　　 ＼＼\n　　　　　　/　 /　　　　　　　　　　　　　　 ﾚ　　ノ　　　　　ヽ_つ\n　　　　 ／　ノ　　　　　　　　　　　　　　　/　 /\n　　　_/　／　　　　　　　　　　　　　　　 /　 /|\n　 ノ　／　　　　　　　　　　　　　　　　　（　（　､\n⊂ -‘　　　　　　　　　　　　　　　　　　　 |　 |､　＼\n　　　　　　　　　　　　　　　 　 　 　 　 　 |　/　＼　⌒l\n　　　　　　　　　　　　　　　　　　　　　　　|　|　　　）　/\n　　　　　　　　　　　　　　　　　　　　　　ノ　 ）　　 し’\n　　　　　　　　　　　　　　　　　　　　　(＿／', 59, 0, 0, '126.219.137.211', '2020-08-25 10:44:57', '2020-09-14 18:44:36'),
(192, 500, 'ギコ猫アスキーアート', '0000-00-00', 17, '0000-00-00 00:00:00', 0, '', '　　　 ∧∧　　／￣￣￣￣￣\n　　　(,,ﾟДﾟ)＜　ゴルァ！\n　　 ⊂　　⊃　＼＿＿＿＿＿\n　　～|　　|\n　,,　　し`J', 60, 0, 0, '126.219.137.211', '2020-08-25 10:47:59', '2020-09-14 19:13:11'),
(193, 600, '長い猫', '0000-00-00', 17, '0000-00-00 00:00:00', 0, '', '世界中で有名な白い長猫。ニャースキョダイマックスもこの猫がモデルと思われる。', 61, 0, 0, '126.219.137.211', '2020-08-25 10:47:59', '2020-09-15 11:52:44'),
(194, 123, 'テスト22', '2018-12-02', NULL, '0000-00-00 00:00:00', 1, '', 'TEST<input class=', 1, 1, 0, '::1', '2021-04-25 01:38:36', '2022-01-06 04:00:57'),
(195, 0, 'ああああ', '0000-00-00', 1, '2021-01-01 12:12:12', 0, '', '', 0, 1, 0, '::1', '2021-11-23 07:45:43', '2022-01-06 04:00:52'),
(196, 0, 'ebin toorer', '0000-00-00', 1, '2021-01-01 12:12:12', 0, 'storage/neko/y2021/196/222619cb0ea10c6f/orig/map3.png', '', -1, 1, 0, '::1', '2021-11-23 07:46:17', '2022-01-06 04:00:47'),
(197, 0, 'テスト99', '0000-00-00', 1, '2021-01-01 12:12:12', 0, '', '', -2, 1, 0, '::1', '2021-11-25 05:23:18', '2022-01-06 04:00:49'),
(198, 0, 'テスト100', '0000-00-00', 1, '2021-01-01 12:12:12', 0, '', '', 62, 0, 0, '::1', '2021-11-25 05:26:09', '2021-11-25 14:26:09'),
(201, 123, '白猫２', NULL, NULL, NULL, 0, NULL, NULL, 63, 0, 0, '::1', '2021-12-01 14:45:45', '2021-12-01 23:45:45'),
(202, 456, 'クロネコ2', NULL, NULL, NULL, 0, NULL, NULL, 64, 0, 0, '::1', '2021-12-01 14:45:45', '2021-12-01 23:45:45'),
(203, 0, 'ヌガー', '0000-00-00', 1, '0000-00-00 00:00:00', 0, '', '', 1, 1, 0, '::1', '2022-01-21 13:55:13', '2022-01-21 13:55:19'),
(204, 0, 'イッパイアッテナ', '2020-08-13', 5, '0000-00-00 00:00:00', 0, 'rsc/img/img_fn/y2020/m09/orig/20200914110720_2020-09-14_110720.jpg', '「ルドルフとイッパイアッテナ」に登場する大猫。\n犬にも喧嘩に勝つ偉丈夫猫。強さだけでなく字を書いたり本を読んだりできる知性にも優れる。\n', 2, 1, 0, '::1', '2022-01-21 13:55:39', '2022-01-21 13:55:49'),
(205, 0, 'イッパイアッテナ', '2020-08-13', 5, '0000-00-00 00:00:00', 0, 'rsc/img/img_fn/y2020/m09/orig/20200914110720_2020-09-14_110720.jpg', '「ルドルフとイッパイアッテナ」に登場する大猫。\n犬にも喧嘩に勝つ偉丈夫猫。強さだけでなく字を書いたり本を読んだりできる知性にも優れる。\n', 2, 1, 0, '::1', '2022-01-21 13:57:42', '2022-01-21 13:57:46'),
(206, 0, 'TEST', '0000-00-00', 1, '0000-00-00 00:00:00', 0, '', '', 0, 1, 0, '::1', '2022-02-19 08:17:44', '2022-02-19 08:18:37'),
(207, 0, 'TEST2', '0000-00-00', 1, '0000-00-00 00:00:00', 0, '', '', 0, 1, 0, '::1', '2022-02-19 08:17:52', '2022-02-19 08:18:34'),
(208, 0, 'テストキャット３', '0000-00-00', 1, '0000-00-00 00:00:00', 0, 'storage/neko/y2022/208/37062a034772f6c2/orig/kinobori.jpg', '', 0, 0, 0, '::1', '2022-02-21 08:58:08', '2022-06-08 05:32:39'),
(209, 1234, 'うさぎねこV2', '0000-00-00', 15, '0000-00-00 00:00:00', 0, '', '', -1, 0, 0, '::1', '2022-02-21 12:18:44', '2022-02-23 07:52:19'),
(210, 1234, 'うさぎねこgx', '0000-00-00', 15, '0000-00-00 00:00:00', 0, '', '', -1, 0, 0, '::1', '2022-02-21 12:30:56', '2022-02-21 21:30:56');

-- --------------------------------------------------------

--
-- テーブルの構造 `neko_types`
--

CREATE TABLE `neko_types` (
  `id` int(11) NOT NULL,
  `neko_type_name` varchar(255) DEFAULT NULL,
  `sort_no` int(11) DEFAULT 0 COMMENT '順番',
  `delete_flg` tinyint(1) DEFAULT 0 COMMENT '無効フラグ',
  `update_user_id` int(11) DEFAULT NULL COMMENT '更新ユーザーID',
  `ip_addr` varchar(40) CHARACTER SET utf8 DEFAULT NULL COMMENT 'IPアドレス',
  `created_at` datetime DEFAULT NULL COMMENT '生成日時',
  `updated_at` datetime DEFAULT current_timestamp() ON UPDATE current_timestamp() COMMENT '更新日'
) ENGINE=InnoDB DEFAULT CHARSET=utf8mb4;

--
-- テーブルのデータのダンプ `neko_types`
--

INSERT INTO `neko_types` (`id`, `neko_type_name`, `sort_no`, `delete_flg`, `update_user_id`, `ip_addr`, `created_at`, `updated_at`) VALUES
(1, 'ペルシャ', 0, 0, NULL, NULL, NULL, '2018-04-22 15:57:53'),
(2, 'ボンベイ', 0, 0, NULL, NULL, NULL, '2018-04-22 15:57:53'),
(3, '三毛', 0, 0, NULL, NULL, NULL, '2018-04-22 15:58:15'),
(4, 'シャム', 0, 0, NULL, NULL, NULL, '2018-04-22 15:58:15'),
(5, 'キジトラ', 0, 0, NULL, NULL, NULL, '2018-04-22 15:58:39'),
(6, 'スフィンクス', 0, 0, NULL, NULL, NULL, '2018-04-22 15:58:39'),
(7, 'メインクーン', 0, 0, NULL, NULL, NULL, '2018-04-22 15:59:21'),
(8, 'ベンガル', 0, 0, NULL, NULL, NULL, '2018-04-22 15:59:21'),
(9, 'アメリカンカール', 0, 0, NULL, NULL, NULL, '2020-09-13 11:37:44'),
(10, '不明', 0, 0, NULL, NULL, NULL, '2020-09-13 11:37:44'),
(11, '長毛種の雑種', 0, 0, NULL, NULL, NULL, '2020-09-14 10:44:57'),
(12, 'ペルシャ猫のような雑種', 0, 0, NULL, NULL, NULL, '2020-09-14 10:44:57'),
(13, 'クロネコ', 0, 0, NULL, NULL, NULL, '2020-09-14 10:45:55'),
(14, 'ぶち猫', 0, 0, NULL, NULL, NULL, '2020-09-14 10:53:05'),
(15, 'サバトラ', 0, 0, NULL, NULL, NULL, '2020-09-14 10:53:05'),
(16, '灰猫', 0, 0, NULL, NULL, NULL, '2020-09-14 10:53:38'),
(17, 'シロネコ', 0, 0, NULL, NULL, NULL, '2020-09-14 13:45:01'),
(18, 'アメリカンショートヘア', 0, 0, NULL, NULL, NULL, '2020-09-14 14:16:23'),
(19, 'チャトラ', 0, 0, NULL, NULL, NULL, '2020-09-14 18:29:15'),
(20, '野生', 0, 0, NULL, NULL, NULL, '2020-09-14 18:29:53'),
(21, '雑種', 0, 0, NULL, NULL, NULL, '2020-09-14 18:30:23'),
(22, '茶白', 0, 0, NULL, NULL, NULL, '2020-09-14 18:32:24'),
(23, '会社員', 0, 0, NULL, NULL, NULL, '2020-09-14 18:39:47'),
(24, 'アルバイト', 0, 0, NULL, NULL, NULL, '2020-09-14 18:41:01');

-- --------------------------------------------------------

--
-- テーブルの構造 `password_resets`
--

CREATE TABLE `password_resets` (
  `email` varchar(255) COLLATE utf8mb4_unicode_ci NOT NULL,
  `token` varchar(255) COLLATE utf8mb4_unicode_ci NOT NULL,
  `created_at` timestamp NULL DEFAULT NULL
) ENGINE=InnoDB DEFAULT CHARSET=utf8mb4 COLLATE=utf8mb4_unicode_ci;

-- --------------------------------------------------------

--
-- テーブルの構造 `personal_access_tokens`
--

CREATE TABLE `personal_access_tokens` (
  `id` bigint(20) UNSIGNED NOT NULL,
  `tokenable_type` varchar(255) COLLATE utf8mb4_unicode_ci NOT NULL,
  `tokenable_id` bigint(20) UNSIGNED NOT NULL,
  `name` varchar(255) COLLATE utf8mb4_unicode_ci NOT NULL,
  `token` varchar(64) COLLATE utf8mb4_unicode_ci NOT NULL,
  `abilities` text COLLATE utf8mb4_unicode_ci DEFAULT NULL,
  `last_used_at` timestamp NULL DEFAULT NULL,
  `created_at` timestamp NULL DEFAULT NULL,
  `updated_at` timestamp NULL DEFAULT NULL
) ENGINE=InnoDB DEFAULT CHARSET=utf8mb4 COLLATE=utf8mb4_unicode_ci;

-- --------------------------------------------------------

--
-- テーブルの構造 `sales`
--

CREATE TABLE `sales` (
  `id` int(11) NOT NULL,
  `client_id` int(11) DEFAULT NULL COMMENT '顧客ID',
  `sales_amt` decimal(10,0) DEFAULT NULL COMMENT '売上額',
  `status` varchar(16) DEFAULT NULL COMMENT 'ステータス',
  `billing_date` date DEFAULT NULL COMMENT '請求日',
  `billing_amt` decimal(10,0) DEFAULT NULL COMMENT '請求額',
  `payment_date` date DEFAULT NULL COMMENT '入金日',
  `payment_amt` decimal(10,0) DEFAULT NULL COMMENT '入金額',
  `commission` decimal(10,0) DEFAULT NULL COMMENT '手数料',
  `tax` decimal(10,0) DEFAULT NULL COMMENT '消費税',
  `note` varchar(2000) DEFAULT NULL COMMENT '備考',
  `sort_no` double DEFAULT 0 COMMENT '順番',
  `delete_flg` tinyint(1) DEFAULT 0 COMMENT '無効フラグ',
  `update_user_id` int(11) DEFAULT NULL COMMENT '更新者',
  `ip_addr` varchar(40) DEFAULT NULL COMMENT 'IPアドレス',
  `created_at` datetime DEFAULT NULL COMMENT '生成日時',
  `updated_at` timestamp NULL DEFAULT current_timestamp() ON UPDATE current_timestamp() COMMENT '更新日'
) ENGINE=InnoDB DEFAULT CHARSET=utf8mb4;

--
-- テーブルのデータのダンプ `sales`
--

INSERT INTO `sales` (`id`, `client_id`, `sales_amt`, `status`, `billing_date`, `billing_amt`, `payment_date`, `payment_amt`, `commission`, `tax`, `note`, `sort_no`, `delete_flg`, `update_user_id`, `ip_addr`, `created_at`, `updated_at`) VALUES
(1, 4, '9999', '0', NULL, NULL, NULL, '999', NULL, NULL, NULL, 2, 1, 100, '::1', '2022-07-04 16:29:27', '2022-07-11 06:39:06'),
(2, 1, '1200', '0', NULL, NULL, NULL, NULL, NULL, NULL, NULL, 1, 1, 0, '::1', '2022-07-04 20:34:42', '2022-07-10 08:36:02'),
(3, 2, '1234', '1', '2022-07-04', '124', '2022-07-05', '125', '126', '10', 'いろはにほ\r\nへとちりぬ', 3, 1, 100, '::1', '2022-07-04 20:35:45', '2022-07-11 06:39:21'),
(4, 2, '1234', '4', '2022-07-04', '124', '2022-07-05', '125', '126', '10', 'いろはにほ\r\nへとちりぬ', 0, 0, 0, '::1', '2022-07-05 22:48:25', '2022-07-10 08:35:53'),
(5, NULL, '200', '0', '2022-07-05', '201', '2022-07-06', '202', '203', '10', 'TEST', 4, 1, 100, '::1', '2022-07-05 23:11:08', '2022-07-11 06:39:26'),
(6, 2, '3002', '1', NULL, '300', NULL, NULL, NULL, NULL, NULL, 5, 0, 100, '::1', '2022-07-06 10:17:25', '2022-07-11 16:23:50'),
(7, 1, '125', '3', NULL, '125', NULL, '125', NULL, '10', NULL, 6, 0, 102, '::1', '2022-07-07 01:06:43', '2022-07-11 15:35:50'),
(8, 1, '400', '3', '2022-07-10', NULL, NULL, NULL, NULL, '10', NULL, 7, 0, 103, '::1', '2022-07-10 09:18:59', '2022-07-11 15:37:05'),
(9, 1, '1999', '0', NULL, NULL, NULL, NULL, NULL, '10', NULL, 8, 0, 104, '::1', '2022-07-11 15:40:29', '2022-07-11 15:37:09'),
(10, 1, '1999', '2', NULL, NULL, NULL, NULL, NULL, '10', NULL, 9, 0, 100, '::1', '2022-07-11 15:40:29', '2022-07-11 08:10:16'),
(11, 1, '1999', '0', NULL, NULL, NULL, NULL, NULL, '10', NULL, 10, 0, 100, '::1', '2022-07-11 15:40:29', '2022-07-11 06:40:29'),
(12, 1, '1999', '0', NULL, NULL, NULL, NULL, NULL, '10', NULL, 11, 0, 100, '::1', '2022-07-11 15:40:29', '2022-07-11 06:40:29'),
(13, 1, '1999', '0', NULL, NULL, NULL, NULL, NULL, '10', NULL, 12, 0, 100, '::1', '2022-07-11 15:40:29', '2022-07-11 06:40:29'),
(14, 1, '1999', '0', NULL, NULL, NULL, NULL, NULL, '10', NULL, 13, 0, 100, '::1', '2022-07-11 15:40:30', '2022-07-11 06:40:30'),
(15, 1, '1999', '0', NULL, NULL, NULL, NULL, NULL, '10', NULL, 14, 0, 100, '::1', '2022-07-11 15:40:30', '2022-07-11 06:40:30'),
(16, 1, '1999', '0', NULL, NULL, NULL, NULL, NULL, '10', NULL, 15, 0, 100, '::1', '2022-07-11 15:40:30', '2022-07-11 06:40:30'),
(17, 1, '1999', '0', NULL, NULL, NULL, NULL, NULL, '10', NULL, 16, 0, 100, '::1', '2022-07-11 15:40:30', '2022-07-11 06:40:30'),
(18, 1, '1999', '0', NULL, NULL, NULL, NULL, NULL, '10', NULL, 17, 0, 100, '::1', '2022-07-11 15:40:30', '2022-07-11 06:40:30'),
(19, 1, '1999', '0', NULL, NULL, NULL, NULL, NULL, '10', NULL, 18, 0, 100, '::1', '2022-07-11 15:40:31', '2022-07-11 06:40:31'),
(20, 1, '1999', '0', NULL, NULL, NULL, NULL, NULL, '10', NULL, 19, 0, 100, '::1', '2022-07-11 15:40:31', '2022-07-11 06:40:31'),
(21, 1, '1999', '0', NULL, NULL, NULL, NULL, NULL, '10', NULL, 20, 1, 100, '::1', '2022-07-11 15:40:31', '2022-07-11 07:20:36'),
(22, 1, '1999', '0', NULL, NULL, NULL, NULL, NULL, '10', NULL, 21, 0, 100, '::1', '2022-07-11 15:40:32', '2022-07-11 06:40:32'),
(25, 1, '200', '0', NULL, NULL, NULL, NULL, NULL, '10', NULL, 24, 1, 100, '::1', '2022-07-11 15:46:31', '2022-07-11 07:20:42');

-- --------------------------------------------------------

--
-- テーブルの構造 `sessions`
--

CREATE TABLE `sessions` (
  `id` varchar(255) COLLATE utf8mb4_unicode_ci NOT NULL,
  `user_id` bigint(20) UNSIGNED DEFAULT NULL,
  `ip_address` varchar(45) COLLATE utf8mb4_unicode_ci DEFAULT NULL,
  `user_agent` text COLLATE utf8mb4_unicode_ci DEFAULT NULL,
  `payload` longtext COLLATE utf8mb4_unicode_ci NOT NULL,
  `last_activity` int(11) NOT NULL
) ENGINE=InnoDB DEFAULT CHARSET=utf8mb4 COLLATE=utf8mb4_unicode_ci;

--
-- テーブルのデータのダンプ `sessions`
--

INSERT INTO `sessions` (`id`, `user_id`, `ip_address`, `user_agent`, `payload`, `last_activity`) VALUES
('5pKMGNt7wmXPvuhSM1Lw6nNJm79FDKQCdPVqUmPX', 2, '::1', 'Mozilla/5.0 (Windows NT 10.0; Win64; x64) AppleWebKit/537.36 (KHTML, like Gecko) Chrome/103.0.0.0 Safari/537.36', 'YTo2OntzOjY6Il90b2tlbiI7czo0MDoiVlNpUEJkSjV2YjZ1OUJrWTJCZjkwV1kyb1NtUzM0TWpPZVRLUmNhUCI7czo5OiJfcHJldmlvdXMiO2E6MTp7czozOiJ1cmwiO3M6NDA6Imh0dHA6Ly9sb2NhbGhvc3QvbXBhX2w5L2Rldi9wdWJsaWMvc2FsZXMiO31zOjY6Il9mbGFzaCI7YToyOntzOjM6Im9sZCI7YTowOnt9czozOiJuZXciO2E6MDp7fX1zOjUwOiJsb2dpbl93ZWJfNTliYTM2YWRkYzJiMmY5NDAxNTgwZjAxNGM3ZjU4ZWE0ZTMwOTg5ZCI7aToyO3M6NDoiYXV0aCI7YToxOntzOjIxOiJwYXNzd29yZF9jb25maXJtZWRfYXQiO2k6MTY1ODM4MjgwMjt9czoxODoic2FsZXNfc2VhcmNoZXNfa2V5IjthOjE4OntzOjExOiJtYWluX3NlYXJjaCI7TjtzOjI6ImlkIjtOO3M6MTE6ImNsaWVudF9uYW1lIjtOO3M6Njoic3RhdHVzIjtOO3M6MTI6ImJpbGxpbmdfZGF0ZSI7TjtzOjExOiJiaWxsaW5nX2FtdCI7TjtzOjEyOiJwYXltZW50X2RhdGUiO047czoxMToicGF5bWVudF9hbXQiO047czoxMDoiY29tbWlzc2lvbiI7TjtzOjM6InRheCI7TjtzOjQ6Im5vdGUiO047czoxMDoiZGVsZXRlX2ZsZyI7TjtzOjExOiJ1cGRhdGVfdXNlciI7TjtzOjQ6InNvcnQiO047czo0OiJkZXNjIjtOO3M6ODoicGVyX3BhZ2UiO047czoxNzoidGhpc19wYWdlX3ZlcnNpb24iO3M6NToiMS4wLjEiO3M6MTE6Im5ld192ZXJzaW9uIjtpOjA7fX0=', 1658390256),
('5SgVSxbAdve8pEoGjFVbMWJ06ACsiiKiifprzTOS', 2, '::1', 'Mozilla/5.0 (Windows NT 10.0; Win64; x64) AppleWebKit/537.36 (KHTML, like Gecko) Chrome/103.0.0.0 Safari/537.36', 'YTo2OntzOjY6Il90b2tlbiI7czo0MDoiM1JEbFFYTFhHT3BVZ0RyVmhXSjVJSFA2RjRKYVg0UEhRaWJ5eHBWYSI7czo5OiJfcHJldmlvdXMiO2E6MTp7czozOiJ1cmwiO3M6OTk6Imh0dHA6Ly9sb2NhbGhvc3Qvc2FsZXNfbW5nL2Rldi9wdWJsaWMvY2xpZW50P25ld192ZXJzaW9uPTEmc29ydD1jbGllbnRfbmFtZSZ0aGlzX3BhZ2VfdmVyc2lvbj0xLjAuMSI7fXM6NjoiX2ZsYXNoIjthOjI6e3M6Mzoib2xkIjthOjA6e31zOjM6Im5ldyI7YTowOnt9fXM6NTA6ImxvZ2luX3dlYl81OWJhMzZhZGRjMmIyZjk0MDE1ODBmMDE0YzdmNThlYTRlMzA5ODlkIjtpOjI7czo0OiJhdXRoIjthOjE6e3M6MjE6InBhc3N3b3JkX2NvbmZpcm1lZF9hdCI7aToxNjU3Nzk5MjM2O31zOjE5OiJjbGllbnRfc2VhcmNoZXNfa2V5IjthOjEzOntzOjExOiJtYWluX3NlYXJjaCI7TjtzOjI6ImlkIjtOO3M6MTE6ImNsaWVudF9uYW1lIjtOO3M6NDoidGVsbCI7TjtzOjc6ImFkZHJlc3MiO047czo0OiJub3RlIjtOO3M6MTA6ImRlbGV0ZV9mbGciO047czoxMToidXBkYXRlX3VzZXIiO047czo0OiJzb3J0IjtzOjExOiJjbGllbnRfbmFtZSI7czo0OiJkZXNjIjtOO3M6ODoicGVyX3BhZ2UiO047czoxNzoidGhpc19wYWdlX3ZlcnNpb24iO3M6NToiMS4wLjEiO3M6MTE6Im5ld192ZXJzaW9uIjtpOjA7fX0=', 1657799241),
('DOX1IFFdybStd7J2otXL60O2lhHAnSYmw5cfCIIw', 2, '::1', 'Mozilla/5.0 (Windows NT 10.0; Win64; x64) AppleWebKit/537.36 (KHTML, like Gecko) Chrome/103.0.0.0 Safari/537.36', 'YTo2OntzOjY6Il90b2tlbiI7czo0MDoibnRJSFFGcXNscnlNNTdQa3dKdThvUWpDdlZhY0dQSWViTjhLa3BrWiI7czo5OiJfcHJldmlvdXMiO2E6MTp7czozOiJ1cmwiO3M6NDQ6Imh0dHA6Ly9sb2NhbGhvc3Qvc2FsZXNfbW5nL2Rldi9wdWJsaWMvY2xpZW50Ijt9czo2OiJfZmxhc2giO2E6Mjp7czozOiJvbGQiO2E6MDp7fXM6MzoibmV3IjthOjA6e319czo1MDoibG9naW5fd2ViXzU5YmEzNmFkZGMyYjJmOTQwMTU4MGYwMTRjN2Y1OGVhNGUzMDk4OWQiO2k6MjtzOjQ6ImF1dGgiO2E6MTp7czoyMToicGFzc3dvcmRfY29uZmlybWVkX2F0IjtpOjE2NTc4MDcwOTE7fXM6MTk6ImNsaWVudF9zZWFyY2hlc19rZXkiO2E6MTM6e3M6MTE6Im1haW5fc2VhcmNoIjtOO3M6MjoiaWQiO047czoxMToiY2xpZW50X25hbWUiO047czo0OiJ0ZWxsIjtOO3M6NzoiYWRkcmVzcyI7TjtzOjQ6Im5vdGUiO047czoxMDoiZGVsZXRlX2ZsZyI7TjtzOjExOiJ1cGRhdGVfdXNlciI7TjtzOjQ6InNvcnQiO047czo0OiJkZXNjIjtOO3M6ODoicGVyX3BhZ2UiO047czoxNzoidGhpc19wYWdlX3ZlcnNpb24iO3M6NToiMS4wLjEiO3M6MTE6Im5ld192ZXJzaW9uIjtpOjA7fX0=', 1657817399),
('SgS8mkhTvhcdrEt56S3gyXMuIDQSK37pbQEJJ0A7', 100, '::1', 'Mozilla/5.0 (Windows NT 10.0; Win64; x64) AppleWebKit/537.36 (KHTML, like Gecko) Chrome/103.0.0.0 Safari/537.36', 'YTo1OntzOjY6Il90b2tlbiI7czo0MDoiWlhpMGdmMlhjUEx1cHNMRm9XcjBuVXp5R240ZTNseGtyWHE1ODdaaCI7czo5OiJfcHJldmlvdXMiO2E6MTp7czozOiJ1cmwiO3M6Mzk6Imh0dHA6Ly9sb2NhbGhvc3QvbXBhX2w5L2Rldi9wdWJsaWMvaG9tZSI7fXM6NjoiX2ZsYXNoIjthOjI6e3M6Mzoib2xkIjthOjA6e31zOjM6Im5ldyI7YTowOnt9fXM6NTA6ImxvZ2luX3dlYl81OWJhMzZhZGRjMmIyZjk0MDE1ODBmMDE0YzdmNThlYTRlMzA5ODlkIjtpOjEwMDtzOjQ6ImF1dGgiO2E6MTp7czoyMToicGFzc3dvcmRfY29uZmlybWVkX2F0IjtpOjE2NTkxNDA3NzQ7fX0=', 1659140774);

-- --------------------------------------------------------

--
-- テーブルの構造 `users`
--

CREATE TABLE `users` (
  `id` bigint(20) UNSIGNED NOT NULL,
  `name` varchar(255) CHARACTER SET utf8mb4 NOT NULL COMMENT 'ユーザー名/アカウント名',
  `email` varchar(255) CHARACTER SET utf8mb4 NOT NULL COMMENT 'メールアドレス',
  `email_verified_at` timestamp NULL DEFAULT NULL COMMENT 'Eメール検証済時刻(Laravel内部処理用)',
  `nickname` varchar(50) CHARACTER SET utf8mb4 DEFAULT NULL COMMENT '名前',
  `password` varchar(255) CHARACTER SET utf8mb4 NOT NULL COMMENT 'パスワード',
  `remember_token` varchar(100) CHARACTER SET utf8mb4 DEFAULT NULL COMMENT '維持用トークン(Laravel内部処理用)',
  `role` enum('master','developer','admin','client','oparator') CHARACTER SET utf8mb4 DEFAULT NULL COMMENT '権限',
  `temp_hash` varchar(50) CHARACTER SET utf8mb4 DEFAULT NULL COMMENT '仮登録ハッシュコード(Laravel内部処理用)',
  `temp_datetime` datetime DEFAULT NULL COMMENT '仮登録制限時刻(Laravel内部処理用)',
  `sort_no` int(11) DEFAULT 0 COMMENT '順番',
  `delete_flg` tinyint(1) DEFAULT 0 COMMENT '削除フラグ',
  `update_user_id` int(11) DEFAULT NULL COMMENT '更新ユーザーID',
  `ip_addr` varchar(40) CHARACTER SET utf8mb4 DEFAULT NULL COMMENT '更新IPアドレス',
  `created_at` datetime DEFAULT NULL COMMENT '生成日時B',
  `updated_at` datetime DEFAULT NULL COMMENT '更新日時B'
) ENGINE=InnoDB DEFAULT CHARSET=utf8mb4 COLLATE=utf8mb4_unicode_ci;

--
-- テーブルのデータのダンプ `users`
--

INSERT INTO `users` (`id`, `name`, `email`, `email_verified_at`, `nickname`, `password`, `remember_token`, `role`, `temp_hash`, `temp_datetime`, `sort_no`, `delete_flg`, `update_user_id`, `ip_addr`, `created_at`, `updated_at`) VALUES
(1, 'sample_user', 'hoge@example.com', NULL, '見本ユーザー1', '', NULL, 'oparator', NULL, '2022-06-03 16:35:34', 0, 0, 0, NULL, '2022-06-03 16:35:34', '2022-06-03 16:35:34'),
(2, 'master2207', 'none', NULL, 'GM', '$2y$10$VNN0IjxbI5MWveDg5G0//uyEzJ/OTH.Y4CG/iazqd82SeBKpu9HF2', NULL, 'master', NULL, NULL, 0, 0, 0, 'manual input', NULL, NULL),
(100, 'himiko', 'himiko@example.com', NULL, '卑弥呼', '$2y$10$VNN0IjxbI5MWveDg5G0//uyEzJ/OTH.Y4CG/iazqd82SeBKpu9HF2', 'kKMx9JMJ0zYaSmTmQzQxn55ds3BYLDiWK8QsSNWTRTFEfde4iN35dsMpPEeO', 'admin', '', '0000-00-00 00:00:00', 100, 0, 0, '::1', NULL, NULL),
(101, 'yamatotakeru@example.com', 'yamatotakeru@example.com', NULL, 'ヤマトタケル', '$2y$10$VNN0IjxbI5MWveDg5G0//uyEzJ/OTH.Y4CG/iazqd82SeBKpu9HF2', NULL, 'admin', '', '0000-00-00 00:00:00', 101, 0, 0, 'test', NULL, NULL),
(102, 'ni_n_toku_tennou@example.com', 'ni_n_toku_tennou@example.com', NULL, '仁徳天皇', '$2y$10$VNN0IjxbI5MWveDg5G0//uyEzJ/OTH.Y4CG/iazqd82SeBKpu9HF2', NULL, 'admin', '', '0000-00-00 00:00:00', 102, 0, 0, 'test', NULL, NULL),
(103, 'sogano_umako@example.com', 'sogano_umako@example.com', NULL, '蘇我馬子', '$2y$10$VNN0IjxbI5MWveDg5G0//uyEzJ/OTH.Y4CG/iazqd82SeBKpu9HF2', NULL, 'admin', '', '0000-00-00 00:00:00', 103, 0, 0, 'test', NULL, NULL),
(104, 'syoutokutaisi@example.com', 'syoutokutaisi@example.com', NULL, '聖徳太子', '$2y$10$VNN0IjxbI5MWveDg5G0//uyEzJ/OTH.Y4CG/iazqd82SeBKpu9HF2', NULL, 'admin', '', '0000-00-00 00:00:00', 104, 0, 0, 'test', NULL, NULL),
(105, 'ono_no_imoko@example.com', 'ono_no_imoko@example.com', NULL, '小野妹子', '$2y$10$VNN0IjxbI5MWveDg5G0//uyEzJ/OTH.Y4CG/iazqd82SeBKpu9HF2', NULL, 'admin', '', '0000-00-00 00:00:00', 105, 0, 0, 'test', NULL, NULL),
(106, 'sogano_iru_ka@example.com', 'sogano_iru_ka@example.com', NULL, '蘇我入鹿', '$2y$10$VNN0IjxbI5MWveDg5G0//uyEzJ/OTH.Y4CG/iazqd82SeBKpu9HF2', NULL, 'admin', '', '0000-00-00 00:00:00', 106, 0, 0, 'test', NULL, NULL),
(107, 'naka_no_ooe_no_ouzi@example.com', 'naka_no_ooe_no_ouzi@example.com', NULL, '中大兄皇子', '$2y$10$VNN0IjxbI5MWveDg5G0//uyEzJ/OTH.Y4CG/iazqd82SeBKpu9HF2', NULL, 'admin', '', '0000-00-00 00:00:00', 107, 0, 0, 'test', NULL, NULL),
(1006, 'neko-kani', 'neko@example.com', NULL, 'ネコ7', '$2y$10$68.e8YszxWO5vvio9anWSeksRkXgAKpIxDb9SD0wuIjbBodvx7UtS', NULL, 'client', NULL, NULL, 124, 0, 100, '::1', '2022-07-12 13:07:50', '2022-07-13 10:24:23'),
(1007, 'neko_kani', 'amaraimusi@gmail.com', NULL, 'Kenji Uehara', '$2y$10$lXqNer60q/VBmZD9v/AijOnEyMeoG8QVGKaE6WNHCBbgv9ukBWthO', NULL, 'admin', NULL, NULL, 115, 1, 100, '::1', '2022-07-13 00:25:42', '2022-07-13 09:35:55'),
(1008, 'dog', 'dog@example.com', NULL, '犬', '$2y$10$FHJL1DKrOyXo4CkEAWo53O04pFdZDJuGCW6CQ/fe.ODnLIu8W4qzm', NULL, 'developer', NULL, NULL, 126, 0, 100, '::1', '2022-07-13 10:27:53', '2022-07-13 10:33:26');

--
-- ダンプしたテーブルのインデックス
--

--
-- テーブルのインデックス `clients`
--
ALTER TABLE `clients`
  ADD PRIMARY KEY (`id`);

--
-- テーブルのインデックス `failed_jobs`
--
ALTER TABLE `failed_jobs`
  ADD PRIMARY KEY (`id`),
  ADD UNIQUE KEY `failed_jobs_uuid_unique` (`uuid`);

--
-- テーブルのインデックス `migrations`
--
ALTER TABLE `migrations`
  ADD PRIMARY KEY (`id`);

--
-- テーブルのインデックス `nekos`
--
ALTER TABLE `nekos`
  ADD PRIMARY KEY (`id`);

--
-- テーブルのインデックス `neko_types`
--
ALTER TABLE `neko_types`
  ADD PRIMARY KEY (`id`);

--
-- テーブルのインデックス `password_resets`
--
ALTER TABLE `password_resets`
  ADD KEY `password_resets_email_index` (`email`);

--
-- テーブルのインデックス `personal_access_tokens`
--
ALTER TABLE `personal_access_tokens`
  ADD PRIMARY KEY (`id`),
  ADD UNIQUE KEY `personal_access_tokens_token_unique` (`token`),
  ADD KEY `personal_access_tokens_tokenable_type_tokenable_id_index` (`tokenable_type`,`tokenable_id`);

--
-- テーブルのインデックス `sales`
--
ALTER TABLE `sales`
  ADD PRIMARY KEY (`id`);

--
-- テーブルのインデックス `sessions`
--
ALTER TABLE `sessions`
  ADD PRIMARY KEY (`id`),
  ADD KEY `sessions_user_id_index` (`user_id`),
  ADD KEY `sessions_last_activity_index` (`last_activity`);

--
-- テーブルのインデックス `users`
--
ALTER TABLE `users`
  ADD PRIMARY KEY (`id`),
  ADD UNIQUE KEY `users_email_unique` (`email`);

--
-- ダンプしたテーブルの AUTO_INCREMENT
--

--
-- テーブルの AUTO_INCREMENT `clients`
--
ALTER TABLE `clients`
  MODIFY `id` int(11) NOT NULL AUTO_INCREMENT, AUTO_INCREMENT=7;

--
-- テーブルの AUTO_INCREMENT `failed_jobs`
--
ALTER TABLE `failed_jobs`
  MODIFY `id` bigint(20) UNSIGNED NOT NULL AUTO_INCREMENT;

--
-- テーブルの AUTO_INCREMENT `migrations`
--
ALTER TABLE `migrations`
  MODIFY `id` int(10) UNSIGNED NOT NULL AUTO_INCREMENT, AUTO_INCREMENT=6;

--
-- テーブルの AUTO_INCREMENT `nekos`
--
ALTER TABLE `nekos`
  MODIFY `id` int(11) NOT NULL AUTO_INCREMENT, AUTO_INCREMENT=211;

--
-- テーブルの AUTO_INCREMENT `neko_types`
--
ALTER TABLE `neko_types`
  MODIFY `id` int(11) NOT NULL AUTO_INCREMENT, AUTO_INCREMENT=25;

--
-- テーブルの AUTO_INCREMENT `personal_access_tokens`
--
ALTER TABLE `personal_access_tokens`
  MODIFY `id` bigint(20) UNSIGNED NOT NULL AUTO_INCREMENT;

--
-- テーブルの AUTO_INCREMENT `sales`
--
ALTER TABLE `sales`
  MODIFY `id` int(11) NOT NULL AUTO_INCREMENT, AUTO_INCREMENT=27;

--
-- テーブルの AUTO_INCREMENT `users`
--
ALTER TABLE `users`
  MODIFY `id` bigint(20) UNSIGNED NOT NULL AUTO_INCREMENT, AUTO_INCREMENT=1009;
COMMIT;

/*!40101 SET CHARACTER_SET_CLIENT=@OLD_CHARACTER_SET_CLIENT */;
/*!40101 SET CHARACTER_SET_RESULTS=@OLD_CHARACTER_SET_RESULTS */;
/*!40101 SET COLLATION_CONNECTION=@OLD_COLLATION_CONNECTION */;
